feature,shap_value
smoker_no,8683.462906423189
smoker_yes,6633.747274916922
bmi,-5861.363773770904
age,-4949.775873211361
children,-518.4261970832041
region_northeast,-185.8506448076255
region_northwest,-68.58869444670603
sex_male,58.02295655658895
region_southeast,-55.71444623765443
sex_female,44.9216295412373
region_southwest,-43.56191991014305
