{
    "Linear Regression": {
        "MAE": 4170.886894163592,
        "MSE": 36501893.00741544,
        "RMSE": 6041.6796511744515,
        "R2": 0.7509130345985207
    },
    "Ridge Regression": {
        "MAE": 4174.379715775466,
        "MSE": 36502401.079211846,
        "RMSE": 6041.721698258853,
        "R2": 0.7509095675437587
    }
}